La taille de l'intersection,1500
1,ethan.durand@icloud.com
2,ambre.martin@icloud.com
3,arthur.durand@hotmail.fr
4,sarah.vincent@orange.fr
5,nina.thomas@orange.fr
6,arthur.martinez@free.fr
7,jules.dupont@gmail.com
8,aaron.mercier@horizonmedia.com
9,mila.francois@gmail.com
10,mohamed.fournier@orange.fr
11,enzo.laurent@outlook.fr
12,jules.vincent@free.fr
13,liam.morel@gmail.com
14,sacha.lefevre@orbisindustries.com
15,ambre.bernard@orange.fr
16,zoe.richard@vertexsolutions.com
17,lucas.laurent@free.fr
18,ethan.simon@orange.fr
19,adam.dupont@quantis.com
20,noah.david@gmail.com
21,leo.fournier@hotmail.fr
22,mila.durand@atlantiqueconseil.com
23,chloe.robert@orbisindustries.com
24,ethan.morel@free.fr
25,raphael.petit@aurorefinance.com
26,enzo.petit@outlook.fr
27,nathan.morel@free.fr
28,lucas.bernard@free.fr
29,julia.david@yahoo.fr
30,raphael.robert@icloud.com
31,tom.vincent@orange.fr
32,julia.andre@hotmail.fr
33,nathan.francois@free.fr
34,adam.bertrand@orange.fr
35,nathan.leroy@orange.fr
36,ines.martinez@gmail.com
37,arthur.fournier@icloud.com
38,noah.bonnet@orange.fr
39,alice.simon@icloud.com
40,liam.leroy@free.fr
41,nolan.bonnet@yahoo.fr
42,elena.michel@icloud.com
43,rose.thomas@laposte.net
44,aaron.martin@orange.fr
45,enzo.robert@yahoo.fr
46,lucas.thomas@free.fr
47,jade.robert@free.fr
48,louise.andre@laposte.net
49,sarah.morel@free.fr
50,sarah.thomas@orange.fr
51,jade.laurent@orange.fr
52,louise.mercier@gmail.com
53,emma.morel@icloud.com
54,zoe.fournier@gmail.com
55,chloe.robert@yahoo.fr
56,mohamed.david@hotmail.fr
57,lily.petit@free.fr
58,adam.dupont@outlook.fr
59,ines.lefebvre@free.fr
60,lucas.francois@gmail.com
61,emma.martin@gmail.com
62,noah.bonnet@yahoo.fr
63,julia.vincent@icloud.com
64,lily.mercier@outlook.fr
65,enzo.dupont@icloud.com
66,mohamed.lefevre@aurorefinance.com
67,chloe.roux@icloud.com
68,gabriel.lefevre@outlook.fr
69,alice.durand@orange.fr
70,ambre.richard@gmail.com
71,adam.fournier@yahoo.fr
72,chloe.petit@free.fr
73,sacha.francois@free.fr
74,lea.lefevre@outlook.fr
75,liam.michel@outlook.fr
76,enzo.mercier@allianceretail.com
77,gabriel.bonnet@free.fr
78,lily.lambert@yahoo.fr
79,elena.girard@free.fr
80,manon.petit@hotmail.fr
81,tom.girard@gmail.com
82,louise.laurent@horizonmedia.com
83,aaron.petit@icloud.com
84,mathis.vincent@quantis.com
85,ethan.martin@yahoo.fr
86,gabriel.durand@free.fr
87,tom.petit@outlook.fr
88,enzo.robert@gmail.com
89,sacha.girard@silvahabitat.com
90,chloe.dubois@free.fr
91,camille.vincent@gmail.com
92,lily.girard@meridiangroup.com
93,liam.mercier@yahoo.fr
94,noah.petit@atlantiqueconseil.com
95,mathis.bernard@free.fr
96,nathan.bernard@hotmail.fr
97,anna.simon@yahoo.fr
98,nina.dubois@gmail.com
99,ambre.simon@gmail.com
100,lucas.dubois@free.fr
101,mila.lefebvre@outlook.fr
102,raphael.bonnet@novabuild.com
103,zoe.vincent76@free.fr
104,aaron.simon@meridiangroup.com
105,nina.fournier3@quantis.com
106,sacha.simon@cedrelogistique.com
107,elena.petit@icloud.com
108,aaron.lambert@aurorefinance.com
109,mohamed.roux@silvahabitat.com
110,manon.leroy@orange.fr
111,lina.bernard@orange.fr
112,rose.fournier58@orange.fr
113,aaron.leroy@laposte.net
114,anna.bernard@icloud.com
115,sarah.dubois@yahoo.fr
116,ines.francois@free.fr
117,raphael.leroy@free.fr
118,lea.francois@hotmail.fr
119,lina.vincent@laposte.net
120,alice.andre@orbisindustries.com
121,lina.leroy@free.fr
122,elena.dubois@orange.fr
123,nathan.martinez@outlook.fr
124,chloe.roux@orange.fr
125,lea.simon@yahoo.fr
126,julia.dupont@outlook.fr
127,leo.david94@outlook.fr
128,lucas.bernard@horizonmedia.com
129,arthur.dubois@laposte.net
130,jules.girard@hotmail.fr
131,ethan.mercier@free.fr
132,leo.lambert@orange.fr
133,lily.francois@hotmail.fr
134,nina.girard@gmail.com
135,jules.lambert@yahoo.fr
136,mathis.leroy@outlook.fr
137,tom.vincent@hotmail.fr
138,aaron.moreau@orange.fr
139,raphael.robert@yahoo.fr
140,raphael.lefevre@icloud.com
141,raphael.thomas@icloud.com
142,nolan.thomas@free.fr
143,lea.lefebvre@yahoo.fr
144,manon.michel@outlook.fr
145,ethan.bonnet@outlook.fr
146,raphael.girard@outlook.fr
147,mila.durand@hotmail.fr
148,jules.vincent@hotmail.fr
149,adam.bernard@orange.fr
150,arthur.thomas@outlook.fr
151,adam.lefebvre@hotmail.fr
152,julia.laurent@laposte.net
153,nolan.simon@orange.fr
154,raphael.andre@gmail.com
155,arthur.moreau@atlantiqueconseil.com
156,jules.david@laposte.net
157,sacha.dubois@cedrelogistique.com
158,tom.leroy@horizonmedia.com
159,lina.lefebvre@yahoo.fr
160,lily.david@icloud.com
161,chloe.moreau@novabuild.com
162,tom.mercier@hotmail.fr
163,mohamed.martin@icloud.com
164,hugo.leroy@outlook.fr
165,nina.michel@hotmail.fr
166,rose.thomas@gmail.com
167,arthur.petit@yahoo.fr
168,anna.david@icloud.com
169,gabriel.leroy@laposte.net
170,jules.robert@orange.fr
171,nathan.bertrand@free.fr
172,elena.petit@orange.fr
173,ambre.lefevre@outlook.fr
174,ambre.mercier@novabuild.com
175,alice.michel@horizonmedia.com
176,elena.martinez@free.fr
177,ethan.andre@pixelforge.com
178,mohamed.vincent@yahoo.fr
179,lily.richard@icloud.com
180,manon.martinez@hotmail.fr
181,emma.richard@laposte.net
182,raphael.girard@gmail.com
183,camille.roux@orange.fr
184,camille.durand@gmail.com
185,lea.andre@orange.fr
186,lucas.bonnet@free.fr
187,raphael.roux@hotmail.fr
188,lea.morel@orange.fr
189,mohamed.mercier@quantis.com
190,ines.moreau@free.fr
191,chloe.leroy@hotmail.fr
192,ethan.martin@atlantiqueconseil.com
193,enzo.dubois@hotmail.fr
194,sarah.bertrand@laposte.net
195,elena.bertrand@yahoo.fr
196,ambre.petit@free.fr
197,leo.simon@gmail.com
198,hugo.vincent@gmail.com
199,camille.moreau@laposte.net
200,ines.bonnet@laposte.net
201,tom.petit5@orange.fr
202,louise.david@orange.fr
203,lina.roux@icloud.com
204,elena.girard@icloud.com
205,mila.robert@icloud.com
206,camille.lefebvre@orange.fr
207,mila.simon@gmail.com
208,gabriel.lambert@icloud.com
209,emma.garcia@outlook.fr
210,leo.martinez@yahoo.fr
211,ines.leroy@outlook.fr
212,lucas.fournier@outlook.fr
213,ines.leroy@free.fr
214,julia.simon@gmail.com
215,emma.bernard@gmail.com
216,louise.petit@hotmail.fr
217,zoe.bonnet92@hotmail.fr
218,anna.lefevre@aurorefinance.com
219,nolan.andre@free.fr
220,louise.lefebvre@icloud.com
221,tom.morel@novabuild.com
222,hugo.martinez@yahoo.fr
223,manon.petit@outlook.fr
224,anna.bernard@laposte.net
225,chloe.laurent@free.fr
226,ethan.lambert@gmail.com
227,anna.fournier@laposte.net
228,louis.david@orange.fr
229,lea.bonnet@free.fr
230,enzo.lefevre@hotmail.fr
231,raphael.dupont@laposte.net
232,nina.fournier@hotmail.fr
233,rose.garcia@novabuild.com
234,louis.leroy@free.fr
235,lucas.leroy@yahoo.fr
236,manon.francois@laposte.net
237,nina.dubois@free.fr
238,lea.vincent@outlook.fr
239,camille.michel@yahoo.fr
240,manon.durand91@outlook.fr
241,nina.petit@gmail.com
242,jules.dubois@novabuild.com
243,sacha.garcia@silvahabitat.com
244,rose.fournier@free.fr
245,rose.leroy@yahoo.fr
246,anna.david@laposte.net
247,ethan.durand@laposte.net
248,lily.martinez@free.fr
249,sarah.morel84@allianceretail.com
250,enzo.bernard@outlook.fr
251,enzo.morel@orange.fr
252,hugo.lambert@allianceretail.com
253,jules.richard@yahoo.fr
254,chloe.durand7@laposte.net
255,nathan.david@yahoo.fr
256,jade.durand@yahoo.fr
257,ambre.roux@outlook.fr
258,sacha.mercier@outlook.fr
259,sacha.bonnet@free.fr
260,mathis.simon@gmail.com
261,lily.bernard@free.fr
262,emma.francois@orange.fr
263,raphael.garcia@icloud.com
264,alice.francois@yahoo.fr
265,raphael.mercier87@yahoo.fr
266,nolan.mercier@gmail.com
267,anna.robert31@icloud.com
268,louis.durand@icloud.com
269,lucas.david@yahoo.fr
270,nolan.roux@atlantiqueconseil.com
271,mila.lefevre@pixelforge.com
272,mohamed.robert@laposte.net
273,louise.robert@atlantiqueconseil.com
274,sarah.vincent@hotmail.fr
275,sarah.girard@novabuild.com
276,hugo.robert@hotmail.fr
277,nathan.lefebvre35@orbisindustries.com
278,julia.durand@laposte.net
279,emma.roux89@icloud.com
280,ambre.andre@outlook.fr
281,rose.moreau@orange.fr
282,lucas.thomas@gmail.com
283,arthur.roux@laposte.net
284,nathan.david@gmail.com
285,alice.michel16@gmail.com
286,sacha.laurent@hotmail.fr
287,ethan.simon53@yahoo.fr
288,louis.bonnet@orange.fr
289,louis.bonnet@allianceretail.com
290,lina.martin@laposte.net
291,tom.martin@orange.fr
292,alice.andre@yahoo.fr
293,lily.bernard@outlook.fr
294,louis.david47@laposte.net
295,tom.durand@yahoo.fr
296,manon.martin@yahoo.fr
297,louise.bertrand@laposte.net
298,nolan.andre@icloud.com
299,raphael.durand@outlook.fr
300,enzo.bonnet@outlook.fr
301,jules.bonnet@silvahabitat.com
302,julia.bonnet@hotmail.fr
303,manon.durand@laposte.net
304,nolan.fournier@free.fr
305,sarah.vincent@cristaldigital.com
306,anna.leroy@free.fr
307,emma.mercier@orange.fr
308,zoe.leroy@outlook.fr
309,noah.robert@icloud.com
310,anna.richard87@hotmail.fr
311,aaron.francois@laposte.net
312,adam.vincent@silvahabitat.com
313,anna.petit@quantis.com
314,noah.francois88@icloud.com
315,noah.simon@laposte.net
316,mohamed.andre@laposte.net
317,nolan.morel@cedrelogistique.com
318,alice.andre@solaristech.com
319,noah.garcia@laposte.net
320,liam.bertrand4@cristaldigital.com
321,ambre.martinez@icloud.com
322,elena.thomas@solaristech.com
323,mathis.martin@laposte.net
324,nina.laurent@yahoo.fr
325,jules.dubois@pixelforge.com
326,lea.lefevre@laposte.net
327,aaron.bertrand@free.fr
328,hugo.simon@orange.fr
329,tom.durand@deltamateriaux.com
330,lea.bonnet@outlook.fr
331,lina.garcia@gmail.com
332,raphael.bonnet@icloud.com
333,gabriel.laurent@vertexsolutions.com
334,louis.bernard@icloud.com
335,liam.bertrand@yahoo.fr
336,leo.david@hotmail.fr
337,anna.simon@gmail.com
338,chloe.fournier@lumenpartners.com
339,mathis.garcia@yahoo.fr
340,lucas.martin@gmail.com
341,lucas.david@icloud.com
342,lily.martin@icloud.com
343,ethan.girard@deltamateriaux.com
344,lucas.michel@orange.fr
345,lina.morel@orange.fr
346,tom.garcia@bluewaveenergie.com
347,nolan.david@cristaldigital.com
348,mila.garcia@bluewaveenergie.com
349,lucas.bonnet@icloud.com
350,arthur.lefebvre@icloud.com
351,louise.roux@silvahabitat.com
352,manon.david@aurorefinance.com
353,lucas.mercier@free.fr
354,mila.roux@lumenpartners.com
355,aaron.mercier@icloud.com
356,lina.petit@hotmail.fr
357,mathis.petit@hotmail.fr
358,mathis.thomas@free.fr
359,lina.morel@hotmail.fr
360,rose.laurent84@free.fr
361,sacha.bernard@orange.fr
362,raphael.mercier@laposte.net
363,arthur.vincent@laposte.net
364,nathan.lefebvre@gmail.com
365,hugo.bonnet@orange.fr
366,mathis.francois@gmail.com
367,chloe.vincent@outlook.fr
368,emma.vincent@vertexsolutions.com
369,lina.leroy@orange.fr
370,lea.moreau@gmail.com
371,noah.moreau@hotmail.fr
372,hugo.martinez@laposte.net
373,liam.martinez@hotmail.fr
374,rose.simon77@hotmail.fr
375,hugo.david@outlook.fr
376,leo.lefevre@outlook.fr
377,lina.michel@hotmail.fr
378,lucas.simon@free.fr
379,alice.martinez@hotmail.fr
380,lucas.girard@icloud.com
381,leo.mercier99@hotmail.fr
382,gabriel.lefebvre@free.fr
383,jade.laurent@yahoo.fr
384,raphael.fournier@outlook.fr
385,rose.girard@laposte.net
386,liam.garcia@orange.fr
387,chloe.michel@hotmail.fr
388,chloe.morel@outlook.fr
389,nolan.martinez@orange.fr
390,anna.richard@hotmail.fr
391,rose.michel@gmail.com
392,emma.robert@icloud.com
393,sarah.bernard@yahoo.fr
394,hugo.andre@laposte.net
395,ethan.martinez@orange.fr
396,ethan.morel@gmail.com
397,zoe.bonnet@allianceretail.com
398,emma.richard@icloud.com
399,lily.leroy@orange.fr
400,jules.leroy@free.fr
401,rose.simon@gmail.com
402,aaron.michel@outlook.fr
403,julia.morel@horizonmedia.com
404,elena.leroy@outlook.fr
405,liam.durand@orange.fr
406,zoe.bonnet@laposte.net
407,lea.girard@gmail.com
408,nina.francois@outlook.fr
409,elena.morel@orange.fr
410,mila.bertrand@kappasystemes.com
411,noah.francois@laposte.net
412,nina.moreau@icloud.com
413,tom.richard@icloud.com
414,gabriel.lefebvre@orange.fr
415,enzo.bertrand@icloud.com
416,lea.andre@gmail.com
417,aaron.girard44@pixelforge.com
418,tom.bernard@gmail.com
419,camille.mercier@gmail.com
420,ines.andre@cristaldigital.com
421,sacha.bernard@cristaldigital.com
422,julia.garcia@greenfieldsas.com
423,leo.francois@gmail.com
424,lucas.robert@lumenpartners.com
425,lina.bertrand@silvahabitat.com
426,leo.petit@pixelforge.com
427,gabriel.leroy@silvahabitat.com
428,raphael.lefebvre@kappasystemes.com
429,elena.lambert@free.fr
430,jade.lefevre@gmail.com
431,manon.dupont@outlook.fr
432,arthur.andre@free.fr
433,lina.david@orange.fr
434,gabriel.martinez@free.fr
435,ethan.simon@cedrelogistique.com
436,nolan.moreau@laposte.net
437,emma.dubois@yahoo.fr
438,jade.michel@hotmail.fr
439,lea.bernard@novabuild.com
440,ambre.laurent@orange.fr
441,nathan.laurent@icloud.com
442,jade.moreau@orange.fr
443,noah.francois@orange.fr
444,anna.roux@laposte.net
445,ambre.thomas91@outlook.fr
446,leo.richard@outlook.fr
447,ines.martinez@outlook.fr
448,leo.vincent@gmail.com
449,sacha.michel@orange.fr
450,sarah.martin@vertexsolutions.com
451,alice.martinez@icloud.com
452,camille.durand@free.fr
453,rose.morel@laposte.net
454,noah.michel@outlook.fr
455,mathis.dubois@deltamateriaux.com
456,lea.lefevre86@free.fr
457,camille.martinez@hotmail.fr
458,raphael.fournier@lumenpartners.com
459,nina.dubois@orange.fr
460,sarah.lefebvre@laposte.net
461,liam.lefebvre@outlook.fr
462,ambre.lefebvre@free.fr
463,anna.dupont88@outlook.fr
464,mathis.moreau@orange.fr
465,nina.laurent@kappasystemes.com
466,leo.martin@outlook.fr
467,louise.andre@orange.fr
468,ambre.simon@hotmail.fr
469,alice.fournier@laposte.net
470,mila.garcia@icloud.com
471,julia.bonnet@free.fr
472,raphael.mercier@yahoo.fr
473,emma.bertrand@orange.fr
474,sacha.bernard@gmail.com
475,nolan.bertrand@free.fr
476,rose.martin@lumenpartners.com
477,manon.morel@nexora.com
478,gabriel.petit@hotmail.fr
479,arthur.durand@yahoo.fr
480,sacha.laurent@orange.fr
481,emma.bertrand@gmail.com
482,emma.michel@orange.fr
483,noah.roux@outlook.fr
484,aaron.simon@laposte.net
485,mohamed.garcia@yahoo.fr
486,chloe.michel@free.fr
487,enzo.martinez@quantis.com
488,camille.bertrand@yahoo.fr
489,noah.bertrand@gmail.com
490,jade.petit@yahoo.fr
491,ethan.simon@free.fr
492,sacha.moreau@outlook.fr
493,chloe.martin@laposte.net
494,lucas.thomas39@gmail.com
495,ambre.richard@yahoo.fr
496,elena.mercier@gmail.com
497,lina.laurent@meridiangroup.com
498,noah.francois@aurorefinance.com
499,nina.petit@yahoo.fr
500,lea.robert@hotmail.fr
501,arthur.petit@hotmail.fr
502,tom.garcia@laposte.net
503,zoe.vincent@free.fr
504,zoe.durand@yahoo.fr
505,enzo.martinez@lumenpartners.com
506,liam.thomas@orange.fr
507,leo.dubois@yahoo.fr
508,aaron.roux@outlook.fr
509,nathan.francois@vertexsolutions.com
510,chloe.thomas@gmail.com
511,rose.roux@orange.fr
512,arthur.richard@atlantiqueconseil.com
513,adam.lefevre@orange.fr
514,louise.martinez@outlook.fr
515,tom.roux@kappasystemes.com
516,nathan.robert@icloud.com
517,lea.laurent@laposte.net
518,noah.lambert@free.fr
519,alice.lambert@outlook.fr
520,ines.roux@yahoo.fr
521,ambre.thomas@hotmail.fr
522,lucas.robert@kappasystemes.com
523,zoe.david@yahoo.fr
524,lily.mercier@yahoo.fr
525,ines.durand@hotmail.fr
526,liam.durand@yahoo.fr
527,anna.fournier@icloud.com
528,aaron.francois@gmail.com
529,sarah.martinez@gmail.com
530,elena.garcia@free.fr
531,noah.leroy@icloud.com
532,rose.lefevre@laposte.net
533,mohamed.thomas@gmail.com
534,nina.morel77@pixelforge.com
535,nathan.fournier@pixelforge.com
536,rose.dubois@cristaldigital.com
537,tom.fournier@orange.fr
538,camille.morel@novabuild.com
539,liam.martin@gmail.com
540,enzo.leroy@icloud.com
541,camille.leroy@gmail.com
542,sarah.vincent@laposte.net
543,manon.girard@icloud.com
544,lea.dupont@orange.fr
545,noah.morel@nexora.com
546,enzo.robert@orange.fr
547,nina.simon@outlook.fr
548,anna.morel@gmail.com
549,mohamed.david@free.fr
550,lucas.lefevre@gmail.com
551,jules.girard@orange.fr
552,tom.robert@gmail.com
553,mohamed.francois@novabuild.com
554,jade.roux@orbisindustries.com
555,julia.moreau@laposte.net
556,tom.dubois@gmail.com
557,chloe.simon@orange.fr
558,mila.bertrand@hotmail.fr
559,aaron.francois@yahoo.fr
560,lina.richard@atlantiqueconseil.com
561,chloe.lambert@lumenpartners.com
562,rose.durand@icloud.com
563,adam.martin@icloud.com
564,jules.francois@horizonmedia.com
565,julia.martin@yahoo.fr
566,zoe.lefebvre@hotmail.fr
567,jules.martinez@yahoo.fr
568,lucas.bertrand@orange.fr
569,gabriel.garcia41@laposte.net
570,adam.simon@gmail.com
571,anna.dupont@outlook.fr
572,arthur.dubois@yahoo.fr
573,chloe.lambert@laposte.net
574,liam.girard@yahoo.fr
575,anna.leroy@cristaldigital.com
576,chloe.girard@outlook.fr
577,louise.dupont@pixelforge.com
578,sarah.andre95@allianceretail.com
579,arthur.david@yahoo.fr
580,lina.vincent@icloud.com
581,zoe.mercier@yahoo.fr
582,sacha.garcia@gmail.com
583,tom.bonnet@icloud.com
584,jade.garcia@kappasystemes.com
585,nina.michel@icloud.com
586,adam.durand@solaristech.com
587,gabriel.andre@gmail.com
588,hugo.mercier@aurorefinance.com
589,raphael.simon@gmail.com
590,leo.martin92@greenfieldsas.com
591,lea.roux@free.fr
592,adam.dubois@free.fr
593,noah.laurent@outlook.fr
594,noah.francois@hotmail.fr
595,julia.morel@greenfieldsas.com
596,noah.lefebvre@orange.fr
597,rose.morel@gmail.com
598,ines.martinez58@free.fr
599,enzo.petit@icloud.com
600,raphael.lefebvre@free.fr
601,julia.garcia@gmail.com
602,emma.laurent@gmail.com
603,lea.bonnet@gmail.com
604,raphael.mercier@hotmail.fr
605,ines.david@gmail.com
606,sacha.leroy@laposte.net
607,lily.vincent@hotmail.fr
608,ines.morel@hotmail.fr
609,jules.martinez@outlook.fr
610,emma.durand@gmail.com
611,ethan.bonnet@hotmail.fr
612,louis.petit@free.fr
613,mila.simon@icloud.com
614,camille.robert@icloud.com
615,rose.lambert@gmail.com
616,jade.bertrand@hotmail.fr
617,camille.fournier@yahoo.fr
618,manon.durand@free.fr
619,arthur.dubois@free.fr
620,louis.garcia@icloud.com
621,adam.laurent@laposte.net
622,nina.lefevre@yahoo.fr
623,nathan.leroy@silvahabitat.com
624,rose.leroy42@yahoo.fr
625,louise.leroy@free.fr
626,aaron.lefevre@orange.fr
627,hugo.bernard@icloud.com
628,nina.lambert@quantis.com
629,rose.laurent@yahoo.fr
630,nolan.vincent@gmail.com
631,mohamed.laurent@horizonmedia.com
632,lina.simon@outlook.fr
633,louise.roux@icloud.com
634,hugo.andre@orange.fr
635,lea.richard@icloud.com
636,alice.moreau@free.fr
637,rose.dubois@laposte.net
638,louise.garcia@bluewaveenergie.com
639,alice.simon@cedrelogistique.com
640,tom.lambert@laposte.net
641,lina.petit71@orange.fr
642,lily.lambert@icloud.com
643,adam.david@laposte.net
644,sarah.andre@gmail.com
645,sacha.bernard@solaristech.com
646,lea.moreau@free.fr
647,lea.andre@icloud.com
648,louis.mercier@icloud.com
649,hugo.durand@hotmail.fr
650,raphael.andre@yahoo.fr
651,ethan.laurent@hotmail.fr
652,lina.laurent@free.fr
653,jade.bonnet@greenfieldsas.com
654,noah.richard@yahoo.fr
655,julia.laurent@greenfieldsas.com
656,sacha.lefebvre@free.fr
657,julia.francois@free.fr
658,lucas.garcia@cedrelogistique.com
659,sarah.girard@gmail.com
660,mohamed.petit@gmail.com
661,julia.dubois@horizonmedia.com
662,adam.dupont@free.fr
663,lea.mercier@gmail.com
664,lucas.fournier@laposte.net
665,louise.lefevre@outlook.fr
666,mathis.roux@icloud.com
667,sacha.leroy@gmail.com
668,sarah.martin@outlook.fr
669,sacha.fournier@free.fr
670,ethan.laurent@icloud.com
671,arthur.robert@yahoo.fr
672,lily.moreau@outlook.fr
673,tom.simon@hotmail.fr
674,alice.andre@atlantiqueconseil.com
675,nina.francois@free.fr
676,jade.robert@icloud.com
677,raphael.bonnet@laposte.net
678,tom.bernard@hotmail.fr
679,nina.francois@orange.fr
680,ines.petit@solaristech.com
681,enzo.bertrand@yahoo.fr
682,zoe.laurent@yahoo.fr
683,louis.dupont@gmail.com
684,manon.dupont@laposte.net
685,noah.mercier@icloud.com
686,tom.robert@yahoo.fr
687,rose.martin@hotmail.fr
688,ines.lambert@laposte.net
689,louise.simon@outlook.fr
690,mila.lambert@laposte.net
691,sarah.andre@nexora.com
692,mathis.robert@icloud.com
693,mathis.bonnet@hotmail.fr
694,alice.bonnet@hotmail.fr
695,chloe.petit@gmail.com
696,alice.simon@hotmail.fr
697,mathis.lambert@atlantiqueconseil.com
698,tom.michel@outlook.fr
699,raphael.david@outlook.fr
700,mila.vincent@hotmail.fr
701,zoe.roux@icloud.com
702,leo.laurent@gmail.com
703,ambre.michel17@aurorefinance.com
704,mathis.morel@icloud.com
705,rose.morel@bluewaveenergie.com
706,ines.francois@hotmail.fr
707,sacha.petit@orange.fr
708,lina.morel@laposte.net
709,alice.richard@orange.fr
710,sacha.moreau@gmail.com
711,louis.simon@outlook.fr
712,rose.garcia@outlook.fr
713,lily.fournier@free.fr
714,mohamed.petit@hotmail.fr
715,ethan.bertrand@yahoo.fr
716,zoe.richard@gmail.com
717,adam.dubois@orange.fr
718,chloe.martinez14@hotmail.fr
719,nathan.leroy@hotmail.fr
720,zoe.lefebvre@icloud.com
721,liam.bernard@laposte.net
722,lea.richard@hotmail.fr
723,ethan.morel@hotmail.fr
724,nina.andre@free.fr
725,alice.laurent@icloud.com
726,nathan.thomas@yahoo.fr
727,lina.martinez@icloud.com
728,camille.bertrand@outlook.fr
729,ethan.roux@icloud.com
730,ines.dubois@lumenpartners.com
731,manon.francois@outlook.fr
732,lily.mercier@solaristech.com
733,ethan.fournier@icloud.com
734,chloe.bernard@deltamateriaux.com
735,sacha.vincent@icloud.com
736,tom.robert@outlook.fr
737,louise.francois@icloud.com
738,lina.bonnet@hotmail.fr
739,anna.richard@orange.fr
740,enzo.robert@icloud.com
741,adam.petit@hotmail.fr
742,adam.durand@yahoo.fr
743,enzo.garcia@novabuild.com
744,jade.simon@hotmail.fr
745,louise.thomas@novabuild.com
746,elena.moreau@outlook.fr
747,adam.lefebvre@gmail.com
748,alice.martinez@yahoo.fr
749,ambre.fournier@yahoo.fr
750,manon.roux@yahoo.fr
751,louis.girard@allianceretail.com
752,leo.thomas@free.fr
753,adam.garcia@icloud.com
754,julia.martinez@gmail.com
755,ines.lefebvre@hotmail.fr
756,sarah.morel@orange.fr
757,elena.bertrand@orange.fr
758,chloe.vincent@orange.fr
759,alice.simon@yahoo.fr
760,aaron.simon@cristaldigital.com
761,sacha.andre@yahoo.fr
762,mathis.thomas@orange.fr
763,ethan.martinez@icloud.com
764,nolan.garcia@outlook.fr
765,liam.bonnet@icloud.com
766,nathan.vincent@free.fr
767,nathan.michel@orange.fr
768,adam.leroy@laposte.net
769,raphael.thomas@pixelforge.com
770,lucas.mercier@icloud.com
771,noah.lefevre@allianceretail.com
772,elena.richard@aurorefinance.com
773,nathan.robert@orange.fr
774,zoe.lefevre@cristaldigital.com
775,enzo.robert@hotmail.fr
776,zoe.dupont@laposte.net
777,lucas.dubois@orange.fr
778,raphael.lefevre81@outlook.fr
779,ambre.thomas@orange.fr
780,lea.girard@orange.fr
781,mohamed.simon@orange.fr
782,jade.lefevre@free.fr
783,nolan.thomas@greenfieldsas.com
784,emma.lambert@gmail.com
785,louise.lefevre@hotmail.fr
786,gabriel.mercier@outlook.fr
787,noah.dupont@hotmail.fr
788,jade.morel@icloud.com
789,ines.leroy@orange.fr
790,liam.lambert@free.fr
791,chloe.bonnet@yahoo.fr
792,tom.martin@yahoo.fr
793,mathis.andre@icloud.com
794,noah.garcia@yahoo.fr
795,nolan.morel@icloud.com
796,louise.roux@yahoo.fr
797,hugo.simon@icloud.com
798,louise.bernard@gmail.com
799,manon.garcia@cristaldigital.com
800,gabriel.andre@outlook.fr
801,enzo.bertrand@solaristech.com
802,jade.laurent@hotmail.fr
803,gabriel.garcia@orange.fr
804,mathis.dubois@free.fr
805,arthur.leroy@laposte.net
806,noah.andre@hotmail.fr
807,sarah.martinez@orange.fr
808,leo.robert@outlook.fr
809,alice.martinez@laposte.net
810,rose.martin@laposte.net
811,mathis.michel@gmail.com
812,camille.martin47@outlook.fr
813,camille.martin@free.fr
814,ambre.roux@gmail.com
815,lina.girard@gmail.com
816,adam.dupont@icloud.com
817,louise.dubois@gmail.com
818,tom.andre@outlook.fr
819,louise.petit@free.fr
820,sarah.leroy@icloud.com
821,julia.fournier@free.fr
822,nathan.durand@laposte.net
823,nolan.girard@icloud.com
824,ethan.andre@laposte.net
825,chloe.leroy@free.fr
826,louise.laurent@yahoo.fr
827,arthur.simon@gmail.com
828,liam.andre@laposte.net
829,hugo.david@icloud.com
830,rose.petit@yahoo.fr
831,hugo.david@orange.fr
832,lucas.andre@greenfieldsas.com
833,rose.garcia68@yahoo.fr
834,elena.leroy@pixelforge.com
835,nolan.martin@silvahabitat.com
836,nolan.leroy@laposte.net
837,liam.martin@pixelforge.com
838,leo.david@orange.fr
839,adam.francois@icloud.com
840,mohamed.dupont@outlook.fr
841,tom.simon@outlook.fr
842,sacha.martinez@yahoo.fr
843,lucas.roux@gmail.com
844,aaron.lambert@icloud.com
845,noah.dubois@orange.fr
846,jules.dupont@free.fr
847,lea.mercier@icloud.com
848,chloe.durand@bluewaveenergie.com
849,emma.robert@gmail.com
850,aaron.fournier@gmail.com
851,mohamed.mercier@free.fr
852,sacha.lambert@free.fr
853,anna.vincent@meridiangroup.com
854,emma.roux@laposte.net
855,ambre.bernard11@outlook.fr
856,mila.durand@outlook.fr
857,jules.mercier@laposte.net
858,sacha.morel@novabuild.com
859,anna.laurent@orange.fr
860,mohamed.moreau@yahoo.fr
861,ines.bonnet@hotmail.fr
862,raphael.laurent@icloud.com
863,manon.lambert@outlook.fr
864,ethan.david@free.fr
865,louis.durand@orange.fr
866,hugo.robert@free.fr
867,sacha.durand@orange.fr
868,ethan.girard@laposte.net
869,gabriel.thomas@nexora.com
870,elena.thomas@laposte.net
871,mathis.petit@silvahabitat.com
872,nolan.girard@orange.fr
873,liam.lambert@hotmail.fr
874,lina.bernard@outlook.fr
875,tom.dubois@yahoo.fr
876,rose.david@icloud.com
877,gabriel.richard@yahoo.fr
878,zoe.roux@outlook.fr
879,camille.martin@orange.fr
880,gabriel.fournier@orange.fr
881,raphael.petit@vertexsolutions.com
882,lea.martin@free.fr
883,sarah.petit@laposte.net
884,hugo.robert@orbisindustries.com
885,rose.laurent@free.fr
886,gabriel.francois@yahoo.fr
887,sacha.dupont@outlook.fr
888,liam.fournier@solaristech.com
889,mohamed.vincent96@hotmail.fr
890,julia.garcia@orange.fr
891,manon.bernard@outlook.fr
892,mohamed.martinez@yahoo.fr
893,nolan.garcia@orbisindustries.com
894,adam.simon@hotmail.fr
895,elena.bernard@meridiangroup.com
896,sacha.dupont@atlantiqueconseil.com
897,camille.dupont@laposte.net
898,hugo.girard@vertexsolutions.com
899,ines.lambert@free.fr
900,ambre.david@hotmail.fr
901,lily.fournier@outlook.fr
902,nina.dupont@hotmail.fr
903,ethan.david@icloud.com
904,noah.bonnet@free.fr
905,zoe.martin@icloud.com
906,jules.thomas@free.fr
907,sarah.lefevre@allianceretail.com
908,raphael.bernard@outlook.fr
909,mathis.dubois@quantis.com
910,nathan.dupont@free.fr
911,zoe.bonnet@hotmail.fr
912,leo.leroy@laposte.net
913,nolan.lambert@laposte.net
914,lily.martin@gmail.com
915,arthur.lambert@gmail.com
916,gabriel.martin@orange.fr
917,liam.francois@icloud.com
918,mila.moreau@orange.fr
919,sarah.richard@icloud.com
920,alice.roux@icloud.com
921,zoe.fournier@hotmail.fr
922,sarah.moreau@icloud.com
923,tom.leroy@hotmail.fr
924,sacha.dubois@free.fr
925,gabriel.thomas@deltamateriaux.com
926,sacha.lefevre@laposte.net
927,ethan.vincent@yahoo.fr
928,louis.david@laposte.net
929,nolan.bonnet@orange.fr
930,nina.bernard@lumenpartners.com
931,julia.david92@hotmail.fr
932,tom.garcia@orange.fr
933,liam.martinez@yahoo.fr
934,raphael.lefebvre@hotmail.fr
935,raphael.michel@free.fr
936,jade.laurent@gmail.com
937,ambre.moreau@yahoo.fr
938,jade.simon@icloud.com
939,raphael.lefevre77@gmail.com
940,liam.lefebvre@orange.fr
941,arthur.bertrand@hotmail.fr
942,jules.moreau@free.fr
943,gabriel.garcia@icloud.com
944,lina.michel@atlantiqueconseil.com
945,elena.dubois@gmail.com
946,jules.david@orbisindustries.com
947,lily.garcia@gmail.com
948,nathan.bonnet@free.fr
949,emma.david@icloud.com
950,mila.lefevre@outlook.fr
951,ambre.mercier@outlook.fr
952,jules.petit@gmail.com
953,camille.moreau54@laposte.net
954,ines.girard@free.fr
955,liam.lefevre@pixelforge.com
956,anna.martin@hotmail.fr
957,mohamed.moreau@hotmail.fr
958,sarah.dupont@icloud.com
959,mohamed.lefebvre@orange.fr
960,leo.lefebvre@gmail.com
961,emma.martin@outlook.fr
962,emma.roux@hotmail.fr
963,liam.garcia@nexora.com
964,sarah.garcia@vertexsolutions.com
965,sacha.petit@gmail.com
966,enzo.andre@gmail.com
967,liam.thomas@hotmail.fr
968,adam.dubois@hotmail.fr
969,sarah.morel@laposte.net
970,arthur.garcia@greenfieldsas.com
971,julia.lefebvre@laposte.net
972,lea.morel@free.fr
973,ambre.fournier@free.fr
974,julia.moreau@outlook.fr
975,noah.lefebvre@gmail.com
976,noah.lambert@laposte.net
977,louis.martinez@silvahabitat.com
978,zoe.bertrand@outlook.fr
979,mohamed.laurent@orange.fr
980,camille.laurent@gmail.com
981,emma.girard@outlook.fr
982,mathis.mercier@outlook.fr
983,mohamed.dubois@bluewaveenergie.com
984,noah.richard@free.fr
985,lucas.garcia@laposte.net
986,tom.andre@gmail.com
987,elena.michel@outlook.fr
988,julia.petit@orange.fr
989,ines.thomas@yahoo.fr
990,louise.lambert@yahoo.fr
991,ethan.bernard@orange.fr
992,tom.dubois@hotmail.fr
993,arthur.david69@yahoo.fr
994,chloe.bertrand@free.fr
995,elena.lambert59@free.fr
996,nathan.lefebvre@free.fr
997,jade.dupont@icloud.com
998,nolan.fournier@icloud.com
999,liam.garcia@yahoo.fr
1000,louis.morel@hotmail.fr
1001,nolan.david@icloud.com
1002,elena.fournier@laposte.net
1003,hugo.garcia@hotmail.fr
1004,sacha.moreau@yahoo.fr
1005,lea.moreau@icloud.com
1006,aaron.morel@hotmail.fr
1007,mohamed.moreau@laposte.net
1008,lily.fournier@gmail.com
1009,jules.david@orange.fr
1010,jules.dupont@outlook.fr
1011,nolan.dupont@laposte.net
1012,noah.bonnet@hotmail.fr
1013,aaron.robert@yahoo.fr
1014,mohamed.bonnet@free.fr
1015,gabriel.girard@yahoo.fr
1016,gabriel.michel@laposte.net
1017,alice.simon@outlook.fr
1018,raphael.laurent@vertexsolutions.com
1019,ines.garcia@allianceretail.com
1020,arthur.lefevre@free.fr
1021,lucas.lefevre@hotmail.fr
1022,liam.moreau@hotmail.fr
1023,sacha.leroy@allianceretail.com
1024,emma.mercier@gmail.com
1025,elena.petit@free.fr
1026,mohamed.garcia@cedrelogistique.com
1027,liam.thomas@icloud.com
1028,nina.petit@icloud.com
1029,enzo.lambert@free.fr
1030,raphael.andre@icloud.com
1031,anna.robert@orange.fr
1032,hugo.dubois@outlook.fr
1033,manon.durand@hotmail.fr
1034,anna.bonnet@laposte.net
1035,lily.fournier@icloud.com
1036,sarah.richard@yahoo.fr
1037,ethan.dubois@silvahabitat.com
1038,lucas.dupont@outlook.fr
1039,louise.bertrand@orange.fr
1040,mohamed.fournier@free.fr
1041,nolan.robert@laposte.net
1042,enzo.laurent@atlantiqueconseil.com
1043,nolan.moreau@gmail.com
1044,gabriel.lefevre@free.fr
1045,sacha.durand@yahoo.fr
1046,adam.laurent39@yahoo.fr
1047,lina.andre@icloud.com
1048,enzo.fournier@free.fr
1049,louise.thomas@free.fr
1050,adam.morel@gmail.com
1051,chloe.lefebvre@free.fr
1052,julia.girard@orange.fr
1053,mila.martin@orange.fr
1054,nina.petit@laposte.net
1055,liam.david@icloud.com
1056,ines.andre@icloud.com
1057,alice.michel@orange.fr
1058,lea.richard@outlook.fr
1059,tom.martin@icloud.com
1060,rose.garcia@icloud.com
1061,lucas.martin@icloud.com
1062,elena.bonnet@deltamateriaux.com
1063,leo.david45@novabuild.com
1064,alice.simon@orange.fr
1065,ambre.lambert@orange.fr
1066,jules.david@gmail.com
1067,anna.durand@yahoo.fr
1068,mohamed.girard@gmail.com
1069,tom.morel@yahoo.fr
1070,jade.fournier@yahoo.fr
1071,lina.girard@laposte.net
1072,arthur.robert@solaristech.com
1073,raphael.moreau@icloud.com
1074,sacha.simon@free.fr
1075,louis.francois@free.fr
1076,enzo.simon@icloud.com
1077,noah.petit@outlook.fr
1078,camille.robert@laposte.net
1079,elena.martinez@gmail.com
1080,julia.thomas@laposte.net
1081,louis.david@yahoo.fr
1082,leo.petit@orange.fr
1083,raphael.thomas@free.fr
1084,anna.vincent@icloud.com
1085,nina.girard@icloud.com
1086,elena.lambert@orange.fr
1087,julia.bertrand@outlook.fr
1088,gabriel.vincent@lumenpartners.com
1089,zoe.vincent@gmail.com
1090,sarah.laurent@icloud.com
1091,mathis.leroy@gmail.com
1092,lily.leroy@hotmail.fr
1093,liam.mercier@hotmail.fr
1094,anna.fournier38@icloud.com
1095,nolan.bonnet@deltamateriaux.com
1096,zoe.lambert@orange.fr
1097,louise.richard@hotmail.fr
1098,noah.francois26@free.fr
1099,ines.mercier@hotmail.fr
1100,anna.lambert58@cristaldigital.com
1101,anna.martin@aurorefinance.com
1102,nolan.robert@outlook.fr
1103,noah.moreau@novabuild.com
1104,enzo.dubois@icloud.com
1105,lina.fournier@laposte.net
1106,gabriel.mercier@icloud.com
1107,nina.lambert@atlantiqueconseil.com
1108,manon.leroy@yahoo.fr
1109,tom.lambert@icloud.com
1110,ambre.martinez65@greenfieldsas.com
1111,nina.morel@kappasystemes.com
1112,manon.richard@icloud.com
1113,noah.simon93@hotmail.fr
1114,adam.simon@orange.fr
1115,ines.roux@free.fr
1116,zoe.richard@yahoo.fr
1117,nathan.roux@yahoo.fr
1118,sarah.thomas93@free.fr
1119,sacha.leroy@hotmail.fr
1120,rose.garcia@allianceretail.com
1121,zoe.simon@gmail.com
1122,anna.thomas@free.fr
1123,ambre.fournier@laposte.net
1124,louis.girard@outlook.fr
1125,leo.thomas@meridiangroup.com
1126,elena.durand@orange.fr
1127,zoe.fournier@free.fr
1128,sacha.bernard45@hotmail.fr
1129,emma.laurent89@gmail.com
1130,julia.simon@cristaldigital.com
1131,aaron.martin@outlook.fr
1132,anna.bertrand@outlook.fr
1133,louise.dubois@hotmail.fr
1134,aaron.durand@yahoo.fr
1135,tom.durand@hotmail.fr
1136,ethan.david@laposte.net
1137,ines.roux@gmail.com
1138,alice.durand@outlook.fr
1139,arthur.simon@silvahabitat.com
1140,sacha.thomas@laposte.net
1141,aaron.david@gmail.com
1142,louise.laurent@pixelforge.com
1143,jules.girard@solaristech.com
1144,adam.francois@gmail.com
1145,zoe.durand@orange.fr
1146,nina.simon@hotmail.fr
1147,nathan.simon@nexora.com
1148,lea.lefebvre@outlook.fr
1149,manon.francois@hotmail.fr
1150,adam.girard@pixelforge.com
1151,zoe.thomas@gmail.com
1152,leo.lambert@gmail.com
1153,tom.lambert59@hotmail.fr
1154,liam.girard@free.fr
1155,anna.mercier@icloud.com
1156,manon.martinez@outlook.fr
1157,mila.bertrand@outlook.fr
1158,nolan.moreau@icloud.com
1159,emma.dupont@quantis.com
1160,anna.lefevre@cristaldigital.com
1161,noah.david@yahoo.fr
1162,arthur.bertrand52@gmail.com
1163,adam.michel@free.fr
1164,raphael.dupont72@solaristech.com
1165,mohamed.vincent@free.fr
1166,aaron.martin@yahoo.fr
1167,mathis.andre@gmail.com
1168,elena.durand@solaristech.com
1169,raphael.richard71@icloud.com
1170,anna.laurent@cristaldigital.com
1171,leo.morel@hotmail.fr
1172,lina.morel@icloud.com
1173,leo.bonnet@orange.fr
1174,adam.moreau@free.fr
1175,camille.martinez@icloud.com
1176,nina.dupont@aurorefinance.com
1177,leo.garcia@gmail.com
1178,mila.andre@free.fr
1179,mohamed.david@icloud.com
1180,rose.martin@free.fr
1181,lina.francois@free.fr
1182,elena.andre@outlook.fr
1183,enzo.lambert@hotmail.fr
1184,lily.mercier@free.fr
1185,ambre.thomas@outlook.fr
1186,julia.bonnet@icloud.com
1187,enzo.michel@laposte.net
1188,jules.bonnet@gmail.com
1189,jules.andre@yahoo.fr
1190,enzo.durand@laposte.net
1191,mohamed.morel@yahoo.fr
1192,sacha.petit@outlook.fr
1193,manon.moreau@hotmail.fr
1194,nathan.dubois@deltamateriaux.com
1195,adam.richard@gmail.com
1196,liam.martin@bluewaveenergie.com
1197,sarah.robert@icloud.com
1198,mathis.mercier@free.fr
1199,aaron.dupont@hotmail.fr
1200,ines.petit@orange.fr
1201,leo.vincent@laposte.net
1202,sarah.robert@outlook.fr
1203,anna.lambert@laposte.net
1204,lucas.garcia@outlook.fr
1205,lea.garcia@gmail.com
1206,zoe.fournier81@outlook.fr
1207,sacha.david@laposte.net
1208,nina.david@laposte.net
1209,chloe.lefevre@meridiangroup.com
1210,alice.roux@gmail.com
1211,manon.martinez@orange.fr
1212,chloe.lefebvre@yahoo.fr
1213,louise.petit@orange.fr
1214,ines.dubois@gmail.com
1215,elena.thomas@icloud.com
1216,anna.mercier@horizonmedia.com
1217,nathan.morel@laposte.net
1218,nina.david@icloud.com
1219,noah.roux@laposte.net
1220,alice.bonnet54@hotmail.fr
1221,tom.martinez@yahoo.fr
1222,chloe.martinez@laposte.net
1223,nolan.michel@allianceretail.com
1224,lina.martinez@laposte.net
1225,arthur.vincent@icloud.com
1226,emma.roux@yahoo.fr
1227,rose.martin@orange.fr
1228,leo.mercier@orange.fr
1229,alice.david@gmail.com
1230,mathis.bernard@gmail.com
1231,gabriel.laurent@meridiangroup.com
1232,liam.michel@atlantiqueconseil.com
1233,tom.simon@yahoo.fr
1234,aaron.leroy@nexora.com
1235,jules.durand@horizonmedia.com
1236,camille.david@laposte.net
1237,raphael.lefebvre@yahoo.fr
1238,lea.mercier@horizonmedia.com
1239,hugo.robert@gmail.com
1240,anna.lefebvre@free.fr
1241,louise.durand@free.fr
1242,lina.lefevre@outlook.fr
1243,aaron.lefevre@icloud.com
1244,nathan.fournier@free.fr
1245,hugo.martinez@orange.fr
1246,tom.morel@outlook.fr
1247,jade.fournier@orange.fr
1248,lea.lambert@icloud.com
1249,louise.richard@icloud.com
1250,tom.bernard@atlantiqueconseil.com
1251,ambre.laurent@free.fr
1252,mohamed.leroy@kappasystemes.com
1253,louis.vincent@allianceretail.com
1254,adam.andre@yahoo.fr
1255,liam.bertrand@gmail.com
1256,enzo.martinez@hotmail.fr
1257,louis.michel@orbisindustries.com
1258,leo.bonnet@hotmail.fr
1259,nina.girard@orange.fr
1260,zoe.lefebvre@nexora.com
1261,raphael.francois@hotmail.fr
1262,liam.roux@orbisindustries.com
1263,jade.roux@free.fr
1264,louis.petit@icloud.com
1265,raphael.roux@cristaldigital.com
1266,raphael.bertrand@orange.fr
1267,enzo.andre@atlantiqueconseil.com
1268,mathis.moreau@free.fr
1269,emma.mercier@solaristech.com
1270,anna.lambert@hotmail.fr
1271,gabriel.garcia@laposte.net
1272,noah.francois@gmail.com
1273,nina.francois@yahoo.fr
1274,ambre.bertrand@yahoo.fr
1275,anna.laurent@yahoo.fr
1276,mohamed.martin@hotmail.fr
1277,nathan.martinez@laposte.net
1278,mila.bonnet@laposte.net
1279,nolan.bernard@icloud.com
1280,alice.francois@laposte.net
1281,hugo.martinez@gmail.com
1282,mathis.francois@outlook.fr
1283,sacha.girard@hotmail.fr
1284,ethan.roux@outlook.fr
1285,ambre.martinez@yahoo.fr
1286,ambre.thomas@icloud.com
1287,mohamed.leroy@gmail.com
1288,mohamed.andre88@outlook.fr
1289,nina.durand@hotmail.fr
1290,ambre.thomas47@icloud.com
1291,anna.martinez@aurorefinance.com
1292,jules.mercier@yahoo.fr
1293,louis.david@free.fr
1294,ambre.morel@hotmail.fr
1295,nathan.richard@free.fr
1296,ethan.bernard@free.fr
1297,nolan.lambert@outlook.fr
1298,arthur.robert@orange.fr
1299,julia.lefevre@outlook.fr
1300,enzo.lefebvre@yahoo.fr
1301,camille.robert@yahoo.fr
1302,nina.mercier@orange.fr
1303,noah.simon@outlook.fr
1304,ambre.simon@orbisindustries.com
1305,lucas.leroy@gmail.com
1306,arthur.mercier@orange.fr
1307,raphael.bonnet@allianceretail.com
1308,enzo.francois@free.fr
1309,enzo.simon@orange.fr
1310,nolan.lefevre@meridiangroup.com
1311,sarah.lambert@laposte.net
1312,camille.petit@meridiangroup.com
1313,jade.durand39@laposte.net
1314,adam.girard@yahoo.fr
1315,louise.richard@orange.fr
1316,ines.dubois@hotmail.fr
1317,jules.durand@gmail.com
1318,arthur.david@hotmail.fr
1319,mathis.simon@yahoo.fr
1320,lucas.roux@icloud.com
1321,louis.morel@solaristech.com
1322,emma.simon@yahoo.fr
1323,adam.michel@orange.fr
1324,enzo.petit@orange.fr
1325,liam.thomas@laposte.net
1326,manon.dubois@vertexsolutions.com
1327,chloe.leroy@outlook.fr
1328,emma.lefebvre@outlook.fr
1329,gabriel.richard@hotmail.fr
1330,chloe.fournier@orange.fr
1331,mohamed.morel@outlook.fr
1332,rose.durand@hotmail.fr
1333,noah.andre@free.fr
1334,lily.robert@free.fr
1335,julia.thomas@nexora.com
1336,leo.martinez@novabuild.com
1337,tom.leroy@orange.fr
1338,nina.morel@free.fr
1339,zoe.lambert@outlook.fr
1340,lina.dupont@laposte.net
1341,aaron.girard@outlook.fr
1342,leo.dupont@icloud.com
1343,julia.vincent@hotmail.fr
1344,anna.thomas@outlook.fr
1345,noah.thomas@nexora.com
1346,aaron.laurent@bluewaveenergie.com
1347,lucas.dubois@icloud.com
1348,hugo.bernard@gmail.com
1349,rose.bertrand@yahoo.fr
1350,louise.vincent@outlook.fr
1351,sarah.martin@orange.fr
1352,emma.moreau@cristaldigital.com
1353,mathis.dubois@laposte.net
1354,jules.mercier@aurorefinance.com
1355,adam.martin@hotmail.fr
1356,enzo.thomas@icloud.com
1357,aaron.fournier@free.fr
1358,elena.girard@vertexsolutions.com
1359,mohamed.andre@orange.fr
1360,lea.fournier@orange.fr
1361,jade.mercier@icloud.com
1362,lea.robert@gmail.com
1363,aaron.vincent@outlook.fr
1364,noah.martinez@meridiangroup.com
1365,nolan.vincent@icloud.com
1366,rose.laurent@outlook.fr
1367,hugo.robert61@gmail.com
1368,lucas.laurent@gmail.com
1369,camille.durand@hotmail.fr
1370,emma.michel@silvahabitat.com
1371,tom.bernard@horizonmedia.com
1372,louis.thomas@gmail.com
1373,lina.girard@outlook.fr
1374,adam.bertrand@yahoo.fr
1375,ambre.martin@nexora.com
1376,leo.martinez@orange.fr
1377,leo.girard@outlook.fr
1378,liam.laurent@aurorefinance.com
1379,lily.simon@icloud.com
1380,lucas.dubois@outlook.fr
1381,louis.mercier@hotmail.fr
1382,ines.bertrand@hotmail.fr
1383,sarah.morel@hotmail.fr
1384,raphael.bernard@orange.fr
1385,ethan.simon@yahoo.fr
1386,anna.dubois@laposte.net
1387,gabriel.dupont@icloud.com
1388,gabriel.simon@gmail.com
1389,mohamed.francois@icloud.com
1390,ambre.vincent@free.fr
1391,tom.simon@orange.fr
1392,emma.richard78@orange.fr
1393,raphael.durand@laposte.net
1394,liam.bonnet@yahoo.fr
1395,chloe.simon@horizonmedia.com
1396,jade.bernard@yahoo.fr
1397,nathan.bertrand@pixelforge.com
1398,mathis.robert@free.fr
1399,emma.richard@orange.fr
1400,jules.martinez@icloud.com
1401,aaron.morel@gmail.com
1402,lina.petit@orange.fr
1403,tom.lefevre@free.fr
1404,ethan.mercier@gmail.com
1405,liam.garcia@gmail.com
1406,rose.lambert@yahoo.fr
1407,adam.lambert@gmail.com
1408,raphael.dupont@icloud.com
1409,mohamed.lefevre@outlook.fr
1410,lily.dupont@yahoo.fr
1411,liam.roux@laposte.net
1412,nina.michel@outlook.fr
1413,mila.martinez@icloud.com
1414,lucas.moreau@icloud.com
1415,hugo.lambert@free.fr
1416,hugo.garcia@bluewaveenergie.com
1417,sacha.robert@orange.fr
1418,rose.simon@icloud.com
1419,lina.moreau@orbisindustries.com
1420,raphael.lefevre@yahoo.fr
1421,louis.dupont@orange.fr
1422,jules.andre@laposte.net
1423,nina.garcia@outlook.fr
1424,mathis.fournier@free.fr
1425,emma.andre@orange.fr
1426,camille.bonnet@hotmail.fr
1427,leo.morel@gmail.com
1428,adam.richard@icloud.com
1429,jade.david@laposte.net
1430,lina.martinez@hotmail.fr
1431,nathan.durand@allianceretail.com
1432,rose.roux@icloud.com
1433,adam.leroy@meridiangroup.com
1434,raphael.bonnet@gmail.com
1435,chloe.lefevre@yahoo.fr
1436,adam.bonnet@laposte.net
1437,lea.mercier@free.fr
1438,gabriel.leroy@orange.fr
1439,mathis.laurent@laposte.net
1440,jules.morel@cedrelogistique.com
1441,ethan.vincent@quantis.com
1442,ambre.andre@orange.fr
1443,elena.robert@orange.fr
1444,zoe.vincent@orange.fr
1445,chloe.richard@free.fr
1446,zoe.morel@icloud.com
1447,ines.michel@free.fr
1448,leo.mercier@yahoo.fr
1449,nolan.bonnet@gmail.com
1450,liam.robert@meridiangroup.com
1451,mohamed.simon@hotmail.fr
1452,liam.bernard@hotmail.fr
1453,mohamed.bernard@icloud.com
1454,leo.morel@icloud.com
1455,hugo.fournier@orange.fr
1456,nina.vincent@kappasystemes.com
1457,leo.martin@gmail.com
1458,nina.fournier@icloud.com
1459,elena.david@outlook.fr
1460,leo.morel@yahoo.fr
1461,ambre.michel@icloud.com
1462,ethan.leroy@hotmail.fr
1463,camille.bertrand@orange.fr
1464,adam.girard@gmail.com
1465,louis.richard@laposte.net
1466,jules.dubois@laposte.net
1467,liam.thomas@outlook.fr
1468,lily.lefevre@yahoo.fr
1469,lucas.lambert@icloud.com
1470,nina.bernard@laposte.net
1471,manon.girard@yahoo.fr
1472,nina.dubois@cedrelogistique.com
1473,chloe.vincent@yahoo.fr
1474,noah.vincent@icloud.com
1475,ines.martin@orbisindustries.com
1476,nolan.bonnet@outlook.fr
1477,ambre.garcia@free.fr
1478,adam.david@yahoo.fr
1479,nina.bonnet@free.fr
1480,nina.leroy@laposte.net
1481,lily.david@free.fr
1482,hugo.david43@free.fr
1483,enzo.bernard@yahoo.fr
1484,emma.richard@solaristech.com
1485,jade.michel@free.fr
1486,anna.michel@free.fr
1487,manon.martinez@icloud.com
1488,raphael.richard@outlook.fr
1489,chloe.dupont@hotmail.fr
1490,camille.martin@icloud.com
1491,mathis.dubois@greenfieldsas.com
1492,gabriel.morel@free.fr
1493,lina.roux@laposte.net
1494,jules.bernard@outlook.fr
1495,louis.girard@hotmail.fr
1496,sacha.leroy@outlook.fr
1497,zoe.thomas@free.fr
1498,hugo.david@laposte.net
1499,mila.leroy@cedrelogistique.com
1500,mila.bertrand@free.fr
